token_id,next_page_token
0,
1,CAESBkVnSUlDZw%3D%3D
2,CAESBkVnSUlGQQ%3D%3D
3,CAESBkVnSUlIZw%3D%3D
4,CAESBkVnSUlLQQ%3D%3D
5,CAESBkVnSUlNZw%3D%3D
6,CAESBkVnSUlQQQ%3D%3D
7,CAESBkVnSUlSZw%3D%3D
8,CAESBkVnSUlVQQ%3D%3D
9,CAESBkVnSUlXZw%3D%3D
10,CAESBkVnSUlaQQ%3D%3D
11,CAESBkVnSUliZw%3D%3D
12,CAESBkVnSUllQQ%3D%3D
13,CAESB0VnTUlnZ0U%3D
14,CAESB0VnTUlqQUU%3D
15,CAESB0VnTUlsZ0U%3D
16,CAESB0VnTUlvQUU%3D
17,CAESB0VnTUlxZ0U%3D
18,CAESB0VnTUl0QUU%3D
19,CAESB0VnTUl2Z0U%3D
20,CAESB0VnTUl5QUU%3D
21,CAESB0VnTUkwZ0U%3D
22,CAESB0VnTUkzQUU%3D
23,CAESB0VnTUkzQUU%3D
24,CAESB0VnTUk4QUU%3D
25,CAESB0VnTUktZ0U%3D
26,CAESB0VnTUloQUk%3D
27,CAESB0VnTUlqZ0k%3D
28,CAESB0VnTUltQUk%3D
29,CAESB0VnTUlvZ0k%3D
30,CAESB0VnTUlyQUk%3D
31,CAESB0VnTUl0Z0k%3D
32,CAESB0VnTUl3QUk%3D
33,CAESB0VnTUl5Z0k%3D
34,CAESB0VnTUkxQUk%3D
35,CAESB0VnTUkzZ0k%3D
36,CAESB0VnTUk2QUk%3D
37,CAESB0VnTUk4Z0k%3D
38,CAESB0VnTUlfQUk%3D
39,CAESB0VnTUloZ00%3D
40,CAESB0VnTUlrQU0%3D
41,CAESB0VnTUltZ00%3D
42,CAESB0VnTUlwQU0%3D
43,CAESB0VnTUlyZ00%3D
44,CAESB0VnTUl1QU0%3D
45,CAESB0VnTUl3Z00%3D
46,CAESB0VnTUl6QU0%3D
47,CAESB0VnTUkxZ00%3D
48,CAESB0VnTUk0QU0%3D
49,CAESB0VnTUk2Z00%3D
50,CAESB0VnTUk5QU0%3D
51,CAESB0VnTUlfZ00%3D
52,CAESB0VnTUlpQVE%3D
53,CAESB0VnTUlrZ1E%3D
54,CAESB0VnTUluQVE%3D
55,CAESB0VnTUlwZ1E%3D
56,CAESB0VnTUlzQVE%3D
57,CAESB0VnTUl1Z1E%3D
58,CAESB0VnTUl4QVE%3D
59,CAESB0VnTUl6Z1E%3D
60,CAESB0VnTUkyQVE%3D
61,CAESB0VnTUk0Z1E%3D
62,CAESB0VnTUk3QVE%3D
63,CAESB0VnTUk5Z1E%3D
64,CAESB0VnTUlnQVU%3D
65,CAESB0VnTUlpZ1U%3D
66,CAESB0VnTUlsQVU%3D
67,CAESB0VnTUluZ1U%3D
68,CAESB0VnTUlxQVU%3D
69,CAESB0VnTUlzZ1U%3D
70,CAESB0VnTUl2QVU%3D
71,CAESB0VnTUl4Z1U%3D
72,CAESB0VnTUkwQVU%3D
73,CAESB0VnTUkyZ1U%3D
74,CAESB0VnTUk1QVU%3D
75,CAESB0VnTUk3Z1U%3D
76,CAESB0VnTUktQVU%3D
77,CAESB0VnTUlnZ1k%3D
78,CAESB0VnTUlqQVk%3D
79,CAESB0VnTUlsZ1k%3D
80,CAESB0VnTUlvQVk%3D
81,CAESB0VnTUlxZ1k%3D
82,CAESB0VnTUl0QVk%3D
83,CAESB0VnTUl2Z1k%3D
84,CAESB0VnTUl5QVk%3D
85,CAESB0VnTUkwZ1k%3D
86,CAESB0VnTUkzQVk%3D
87,CAESB0VnTUk1Z1k%3D
88,CAESB0VnTUk4QVk%3D
89,CAESB0VnTUktZ1k%3D
90,CAESB0VnTUloQWM%3D
91,CAESB0VnTUlqZ2M%3D
92,CAESB0VnTUltQWM%3D
93,CAESB0VnTUlvZ2M%3D
94,CAESB0VnTUlyQWM%3D
95,CAESB0VnTUl0Z2M%3D
96,CAESB0VnTUl3QWM%3D
97,CAESB0VnTUl5Z2M%3D
98,CAESB0VnTUkxQWM%3D
99,CAESB0VnTUkzZ2M%3D
100,CAESB0VnTUk2QWM%3D
101,CAESB0VnTUk4Z2M%3D
102,CAESB0VnTUlfQWM%3D
103,CAESB0VnTUloZ2c%3D
104,CAESB0VnTUlrQWc%3D
105,CAESB0VnTUltZ2c%3D
106,CAESB0VnTUlwQWc%3D
107,CAESB0VnTUlyZ2c%3D
108,CAESB0VnTUl1QWc%3D
109,CAESB0VnTUl3Z2c%3D
110,CAESB0VnTUl6QWc%3D
111,CAESB0VnTUkxZ2c%3D
112,CAESB0VnTUk0QWc%3D
113,CAESB0VnTUk2Z2c%3D
114,CAESB0VnTUk5QWc%3D
115,CAESB0VnTUlfZ2c%3D
116,CAESB0VnTUlpQWs%3D
117,CAESB0VnTUlrZ2s%3D
118,CAESB0VnTUluQWs%3D
119,CAESB0VnTUlwZ2s%3D
120,CAESB0VnTUlzQWs%3D
121,CAESB0VnTUl1Z2s%3D
122,CAESB0VnTUl4QWs%3D
123,CAESB0VnTUl6Z2s%3D
124,CAESB0VnTUkyQWs%3D
125,CAESB0VnTUk0Z2s%3D
126,CAESB0VnTUk3QWs%3D
127,CAESB0VnTUk5Z2s%3D
128,CAESB0VnTUlnQW8%3D
129,CAESB0VnTUlpZ28%3D
130,CAESB0VnTUlsQW8%3D
131,CAESB0VnTUluZ28%3D
132,CAESB0VnTUlxQW8%3D
133,CAESB0VnTUlzZ28%3D
134,CAESB0VnTUl2QW8%3D
135,CAESB0VnTUl4Z28%3D
136,CAESB0VnTUkwQW8%3D
137,CAESB0VnTUkyZ28%3D
138,CAESB0VnTUk1QW8%3D
139,CAESB0VnTUk3Z28%3D
140,CAESB0VnTUktQW8%3D
141,CAESB0VnTUlnZ3M%3D
142,CAESB0VnTUlqQXM%3D
143,CAESB0VnTUlsZ3M%3D
144,CAESB0VnTUlvQXM%3D
145,CAESB0VnTUlxZ3M%3D
146,CAESB0VnTUl0QXM%3D
147,CAESB0VnTUl2Z3M%3D
148,CAESB0VnTUl5QXM%3D
149,CAESB0VnTUkwZ3M%3D
150,CAESB0VnTUkzQXM%3D
151,CAESB0VnTUk1Z3M%3D
152,CAESB0VnTUk4QXM%3D
153,CAESB0VnTUktZ3M%3D
154,CAESB0VnTUloQXc%3D
155,CAESB0VnTUlqZ3c%3D
156,CAESB0VnTUltQXc%3D
157,CAESB0VnTUlvZ3c%3D
158,CAESB0VnTUlyQXc%3D
159,CAESB0VnTUl0Z3c%3D
160,CAESB0VnTUl3QXc%3D
161,CAESB0VnTUl5Z3c%3D
162,CAESB0VnTUkxQXc%3D
163,CAESB0VnTUkzZ3c%3D
164,CAESB0VnTUk2QXc%3D
165,CAESB0VnTUk4Z3c%3D
166,CAESB0VnTUlfQXc%3D
167,CAESB0VnTUloZzA%3D
168,CAESB0VnTUlrQTA%3D
169,CAESB0VnTUltZzA%3D
